"Date","Price","Open","High","Low","Change %"
"03/31/2026","98.53","98.52","98.53","98.53","0.01%"
"03/30/2026","98.52","98.52","98.52","98.52","0.34%"
"03/28/2026","98.19","98.35","98.19","98.19","0.00%"
"03/27/2026","98.19","98.35","98.19","98.19","-0.16%"
"03/26/2026","98.35","98.35","98.35","98.35","0.04%"
"03/25/2026","98.31","98.55","98.55","98.31","0.02%"
"03/24/2026","98.29","98.29","98.29","98.29","0.91%"
"03/23/2026","97.40","97.40","97.40","97.40","-0.97%"
"03/20/2026","98.35","98.34","98.35","98.34","0.10%"
"03/19/2026","98.25","98.29","98.25","98.25","-0.05%"
"03/18/2026","98.30","98.29","98.30","98.30","-0.11%"
"03/17/2026","98.41","98.29","98.41","98.41","0.12%"
"03/16/2026","98.29","98.29","98.29","98.29","0.16%"
"03/13/2026","98.13","98.24","98.24","98.13","-0.34%"
"03/12/2026","98.46","98.66","98.46","98.46","-0.14%"
"03/11/2026","98.60","98.66","98.60","98.60","-0.06%"
"03/10/2026","98.66","98.66","98.66","98.66","-0.05%"
"03/09/2026","98.71","98.76","98.71","98.71","-0.07%"
"03/06/2026","98.78","98.76","98.78","98.76","0.05%"
"03/05/2026","98.73","98.64","98.73","98.73","-0.08%"
"03/04/2026","98.81","98.64","98.81","98.81","0.24%"
"03/03/2026","98.57","98.64","98.64","98.57","0.00%"
"03/02/2026","98.57","99.09","98.57","98.57","-0.52%"
"02/27/2026","99.09","99.09","99.09","99.09","0.14%"
"02/26/2026","98.95","98.90","98.95","98.95","0.05%"
"02/25/2026","98.90","98.90","98.90","98.90","-0.12%"
"02/24/2026","99.02","99.02","99.02","99.02","0.06%"
"02/23/2026","98.96","98.96","98.96","98.96","-0.03%"
"02/21/2026","98.99","98.93","98.99","98.99","0.06%"
"02/20/2026","98.93","98.93","98.93","98.93","0.01%"
"02/19/2026","98.92","98.92","98.92","98.92","0.02%"
"02/18/2026","98.90","98.90","98.90","98.90","-0.02%"
"02/17/2026","98.92","98.92","98.92","98.92","-0.03%"
"02/16/2026","98.95","98.95","98.95","98.95","0.00%"
"02/14/2026","98.95","98.99","98.95","98.95","-0.04%"
"02/13/2026","98.99","98.99","98.99","98.99","0.03%"
"02/12/2026","98.96","98.96","98.96","98.96","-0.07%"
"02/11/2026","99.03","99.03","99.03","99.03","0.04%"
"02/10/2026","98.99","98.99","98.99","98.99","0.00%"
"02/09/2026","98.99","98.99","98.99","98.99","0.03%"
"02/07/2026","98.96","98.95","98.96","98.96","0.01%"
"02/06/2026","98.95","98.95","98.95","98.95","-0.49%"
"02/05/2026","99.44","99.44","99.44","99.44","0.58%"
"02/04/2026","98.87","98.85","98.87","98.87","0.02%"
"02/03/2026","98.85","98.85","98.85","98.85","-0.10%"
"02/02/2026","98.95","98.95","98.95","98.95","-0.26%"
"01/30/2026","99.21","99.21","99.21","99.21","0.44%"
"01/29/2026","98.78","98.78","98.78","98.78","-0.09%"
"01/28/2026","98.87","98.87","98.87","98.87","0.03%"
"01/27/2026","98.84","98.84","98.84","98.84","0.00%"
"01/26/2026","98.84","98.84","98.84","98.84","0.00%"
"01/23/2026","98.84","98.84","98.84","98.84","-0.06%"
"01/22/2026","98.90","98.90","98.90","98.90","0.19%"
"01/21/2026","98.71","98.71","98.71","98.71","-0.19%"
"01/20/2026","98.90","98.90","98.90","98.90","0.07%"
"01/19/2026","98.83","98.83","98.83","98.83","0.00%"
"01/16/2026","98.83","98.82","98.83","98.82","0.00%"
"01/15/2026","98.83","98.83","98.83","98.83","0.08%"
"01/14/2026","98.75","98.75","98.75","98.75","-0.05%"
"01/13/2026","98.80","98.80","98.80","98.80","0.03%"
"01/12/2026","98.77","98.77","98.77","98.77","-0.04%"
"01/09/2026","98.81","98.81","98.81","98.81","0.01%"
"01/08/2026","98.80","98.80","98.80","98.80","0.00%"
"01/07/2026","98.80","98.82","98.80","98.80","-0.02%"
"01/06/2026","98.82","98.82","98.82","98.82","-0.03%"
"01/05/2026","98.85","98.85","98.85","98.85","0.05%"
"01/02/2026","98.80","99.38","99.38","98.80","-0.07%"
"12/30/2025","98.87","98.87","98.87","98.87","0.05%"
"12/29/2025","98.82","98.82","98.82","98.82","-0.98%"
"12/23/2025","99.80","99.80","99.80","99.80","1.00%"
"12/22/2025","98.81","98.81","98.81","98.81","-0.08%"
"12/19/2025","98.89","98.89","98.89","98.89","0.03%"
"12/18/2025","98.86","98.86","98.86","98.86","0.01%"
"12/17/2025","98.85","98.88","99.07","98.85","0.09%"
"12/16/2025","98.76","98.76","98.76","98.76","-0.13%"
"12/15/2025","98.89","98.89","98.89","98.89","0.02%"
"12/12/2025","98.87","98.87","98.87","98.85","0.02%"
"12/11/2025","98.85","98.85","98.85","98.85","0.19%"
"12/10/2025","98.66","98.66","98.66","98.66","0.01%"
"12/09/2025","98.65","98.65","98.65","98.65","0.01%"
"12/08/2025","98.64","98.64","98.64","98.64","-0.04%"
"12/06/2025","98.68","98.71","98.68","98.68","-0.03%"
"12/05/2025","98.71","98.71","98.71","98.71","-0.05%"
"12/04/2025","98.76","98.76","98.76","98.76","-0.01%"
"12/03/2025","98.77","98.77","98.77","98.77","-0.01%"
"12/02/2025","98.78","98.78","98.78","98.78","-0.04%"
"12/01/2025","98.82","98.82","98.82","98.82","0.11%"
"11/28/2025","98.71","98.71","98.71","98.71","-0.04%"
"11/27/2025","98.75","98.75","98.75","98.75","0.08%"
"11/26/2025","98.67","98.81","98.81","98.67","-0.01%"
"11/25/2025","98.68","98.68","98.68","98.68","-0.04%"
"11/24/2025","98.72","98.68","98.72","98.72","0.04%"
"11/21/2025","98.68","98.68","98.68","98.68","0.09%"
"11/20/2025","98.59","98.60","98.59","98.59","0.06%"
"11/19/2025","98.53","98.60","98.53","98.53","-0.01%"
"11/18/2025","98.54","98.60","98.54","98.54","-0.06%"
"11/17/2025","98.60","98.60","98.60","98.60","0.02%"
"11/14/2025","98.58","98.64","98.58","98.58","-0.06%"
"11/13/2025","98.64","98.64","98.64","98.64","-0.05%"
"11/12/2025","98.69","98.69","98.69","98.69","0.09%"
"11/11/2025","98.60","98.61","98.60","98.60","-0.01%"
"11/10/2025","98.61","98.61","98.61","98.61","-0.04%"
"11/07/2025","98.65","98.65","98.65","98.65","0.10%"
"11/06/2025","98.55","98.56","98.56","98.55","0.16%"
"11/05/2025","98.39","98.53","98.39","98.39","-0.06%"
"11/04/2025","98.45","98.53","98.45","98.45","-0.08%"
"11/03/2025","98.53","98.53","98.53","98.53","0.02%"
"10/31/2025","98.51","98.78","98.51","98.51","-0.27%"
"10/30/2025","98.78","98.78","98.78","98.78","0.07%"
"10/29/2025","98.71","98.83","98.71","98.71","-0.12%"
"10/28/2025","98.83","98.83","98.83","98.83","0.10%"
"10/27/2025","98.73","98.80","98.73","98.73","-0.10%"
"10/24/2025","98.83","98.80","98.83","98.83","0.03%"
"10/23/2025","98.80","98.80","98.80","98.80","-0.02%"
"10/22/2025","98.82","99.35","98.82","98.82","-0.05%"
"10/21/2025","98.87","99.35","98.87","98.87","0.06%"
"10/20/2025","98.81","99.35","98.81","98.81","-0.54%"
"10/17/2025","99.35","99.35","99.35","99.35","0.75%"
"10/16/2025","98.61","99.28","98.61","98.61","0.23%"
"10/15/2025","98.38","99.28","99.28","98.38","-0.44%"
"10/14/2025","98.81","98.86","98.81","98.81","-0.05%"
"10/13/2025","98.86","98.86","98.86","98.86","0.23%"
"10/10/2025","98.63","98.85","98.63","98.63","0.09%"
"10/09/2025","98.54","98.85","98.54","98.54","-0.07%"
"10/08/2025","98.61","98.85","98.61","98.61","0.03%"
"10/07/2025","98.58","98.85","98.58","98.58","-0.27%"
"10/06/2025","98.85","98.85","98.85","98.85","0.15%"
"10/03/2025","98.70","98.78","98.70","98.70","0.08%"
"10/02/2025","98.62","98.78","98.62","98.62","-0.16%"
"10/01/2025","98.78","98.78","98.78","98.78","0.14%"
"09/30/2025","98.64","98.56","98.64","98.64","0.13%"
"09/29/2025","98.51","98.56","98.51","98.51","0.06%"
"09/28/2025","98.45","98.56","98.45","98.45","0.00%"
"09/27/2025","98.45","98.56","98.45","98.45","0.00%"
"09/26/2025","98.45","98.56","98.45","98.45","0.08%"
"09/25/2025","98.37","98.56","98.37","98.37","-0.19%"
"09/24/2025","98.56","98.56","98.56","98.56","-0.02%"
"09/23/2025","98.58","98.67","98.58","98.58","-0.03%"
"09/22/2025","98.61","98.67","98.61","98.61","-0.09%"
"09/19/2025","98.70","98.67","98.70","98.67","0.13%"
"09/18/2025","98.57","98.75","98.57","98.57","-0.08%"
"09/17/2025","98.65","98.75","98.65","98.65","-0.10%"
"09/16/2025","98.75","98.75","98.75","98.75","0.07%"
"09/15/2025","98.68","98.82","98.68","98.68","0.09%"
"09/14/2025","98.59","98.82","98.59","98.59","0.00%"
"09/12/2025","98.59","98.82","98.59","98.59","-0.09%"
"09/11/2025","98.68","98.82","98.68","98.68","-0.01%"
"09/10/2025","98.69","98.82","98.69","98.69","0.13%"
"09/09/2025","98.56","98.82","98.56","98.56","-0.25%"
"09/08/2025","98.81","98.82","98.81","98.81","-0.01%"
"09/05/2025","98.82","98.82","98.82","98.82","0.23%"
"09/04/2025","98.59","98.64","98.59","98.59","-0.05%"
"09/03/2025","98.64","98.64","98.64","98.64","0.29%"
"09/02/2025","98.35","98.63","98.35","98.35","-0.20%"
"09/01/2025","98.55","98.63","98.55","98.55","-0.08%"
"08/29/2025","98.63","98.63","98.63","98.63","0.20%"
"08/28/2025","98.43","98.64","98.43","98.43","-0.21%"
"08/27/2025","98.64","98.64","98.64","98.64","0.00%"
"08/26/2025","98.64","98.64","98.64","98.64","0.38%"
"08/25/2025","98.27","97.88","98.27","98.27","-0.23%"
"08/24/2025","98.50","97.88","98.50","98.50","0.00%"
"08/22/2025","98.50","97.88","98.50","98.50","0.32%"
"08/21/2025","98.19","97.88","98.19","98.19","-0.10%"
"08/20/2025","98.29","97.88","98.29","98.29","0.04%"
"08/19/2025","98.25","97.88","98.25","98.25","0.05%"
"08/18/2025","98.20","97.88","98.20","98.20","-0.13%"
"08/14/2025","98.33","97.88","98.33","98.33","-0.05%"
"08/13/2025","98.38","97.88","98.38","98.38","0.29%"
"08/12/2025","98.10","97.88","98.10","98.10","0.25%"
"08/11/2025","97.86","97.88","97.88","97.86","-0.55%"
"08/08/2025","98.40","98.39","98.40","98.39","0.17%"
"08/07/2025","98.23","97.97","98.23","98.23","0.06%"
"08/06/2025","98.17","97.97","98.17","98.17","-0.07%"
"08/05/2025","98.24","97.97","98.24","98.24","0.06%"
"08/04/2025","98.18","97.97","98.18","98.18","0.09%"
"08/03/2025","98.09","97.97","98.09","98.09","0.00%"
"08/01/2025","98.09","97.97","98.09","98.09","0.33%"
"07/31/2025","97.77","97.97","97.77","97.77","-0.20%"
"07/30/2025","97.97","97.97","97.97","97.97","0.18%"
"07/29/2025","97.79","97.95","97.79","97.79","0.07%"
"07/28/2025","97.72","97.95","97.72","97.72","-0.04%"
"07/27/2025","97.76","97.95","97.76","97.76","0.00%"
"07/25/2025","97.76","97.95","97.76","97.76","0.00%"
"07/24/2025","97.76","97.95","97.76","97.76","-0.14%"
"07/23/2025","97.90","97.95","97.90","97.90","0.03%"
"07/22/2025","97.87","97.95","97.87","97.87","0.01%"
"07/21/2025","97.86","97.95","97.86","97.86","0.08%"
"07/20/2025","97.78","97.95","97.78","97.78","0.00%"
"07/19/2025","97.78","97.95","97.78","97.78","0.00%"
"07/18/2025","97.78","97.95","97.78","97.78","-0.17%"
"07/17/2025","97.95","97.95","97.95","97.95","0.21%"
"07/16/2025","97.74","97.89","97.74","97.74","0.17%"
"07/15/2025","97.57","97.89","97.57","97.57","-0.34%"
"07/14/2025","97.90","97.89","97.90","97.89","0.25%"
"07/13/2025","97.66","97.74","97.66","97.66","0.00%"
"07/12/2025","97.66","97.74","97.66","97.66","0.00%"
"07/11/2025","97.66","97.74","97.66","97.66","-0.03%"
"07/10/2025","97.69","97.74","97.69","97.69","0.01%"
"07/09/2025","97.68","97.74","97.68","97.68","-0.10%"
"07/08/2025","97.78","97.74","97.78","97.74","0.15%"
"07/07/2025","97.63","98.46","97.63","97.63","-0.10%"
"07/06/2025","97.73","98.46","97.73","97.73","0.00%"
"07/04/2025","97.73","98.46","97.73","97.73","0.04%"
"07/03/2025","97.69","98.46","97.69","97.69","-0.13%"
"07/02/2025","97.82","98.46","97.82","97.82","-0.18%"
"07/01/2025","98.00","98.46","98.46","98.00","0.10%"
"06/30/2025","97.90","97.90","97.90","97.90","0.19%"
"06/27/2025","97.71","98.05","97.71","97.71","-0.09%"
"06/26/2025","97.80","98.05","97.80","97.80","0.12%"
"06/25/2025","97.68","98.05","97.68","97.68","-0.04%"
"06/24/2025","97.72","98.05","97.72","97.72","0.09%"
"06/23/2025","97.63","98.05","97.63","97.63","0.14%"
"06/22/2025","97.49","98.05","97.49","97.49","0.00%"
"06/21/2025","97.49","98.05","97.49","97.49","0.00%"
"06/20/2025","97.49","98.05","97.49","97.49","0.01%"
"06/19/2025","97.48","98.05","97.48","97.48","-0.58%"
"06/18/2025","98.05","98.05","98.05","98.05","0.56%"
"06/17/2025","97.50","97.97","97.97","97.50","-0.05%"
"06/16/2025","97.55","97.83","97.55","97.55","-0.29%"
"06/13/2025","97.83","97.83","97.83","97.83","0.12%"
"06/12/2025","97.71","97.73","97.71","97.71","-0.02%"
"06/11/2025","97.73","97.73","97.73","97.73","-0.12%"
"06/10/2025","97.85","97.85","97.85","97.85","0.40%"
"06/09/2025","97.46","97.27","97.46","97.46","0.02%"
"06/06/2025","97.44","97.27","97.44","97.44","-0.19%"
"06/05/2025","97.63","97.27","97.63","97.63","0.37%"
"06/04/2025","97.27","97.27","97.27","97.27","-0.34%"
"06/03/2025","97.60","96.94","97.60","97.60","0.06%"
"06/02/2025","97.54","96.94","97.54","97.54","-0.32%"
"05/30/2025","97.85","96.94","97.85","96.94","0.44%"
"05/29/2025","97.42","98.05","97.42","97.42","-0.05%"
"05/28/2025","97.47","98.05","97.47","97.47","-0.14%"
"05/27/2025","97.61","98.05","97.61","97.61","0.26%"
"05/26/2025","97.36","98.05","97.36","97.36","-0.70%"
"05/23/2025","98.05","98.05","98.05","98.05","0.57%"
"05/22/2025","97.49","97.92","97.49","97.49","-0.36%"
"05/21/2025","97.84","97.92","97.92","97.84","0.03%"
"05/20/2025","97.81","98.10","97.81","97.81","0.62%"
"05/19/2025","97.21","98.10","98.10","97.21","-1.03%"
"05/16/2025","98.22","98.22","98.22","98.22","0.32%"
"05/15/2025","97.91","97.91","97.91","97.91","0.60%"
"05/14/2025","97.33","97.70","97.33","97.33","-0.48%"
"05/12/2025","97.80","97.70","97.83","97.70","0.31%"
"05/06/2025","97.50","97.50","97.50","97.50","-0.71%"
"04/23/2025","98.20","98.20","98.20","98.20","1.16%"
"04/22/2025","97.07","97.07","97.07","97.07","0.24%"
"04/15/2025","96.84","96.84","96.84","96.84","-0.31%"
"04/11/2025","97.14","97.14","97.14","97.14","-0.73%"
"04/08/2025","97.85","97.85","97.85","97.85","1.04%"
"04/07/2025","96.84","96.84","96.84","96.84","-1.19%"
"04/04/2025","98.01","98.09","98.09","98.01","0.63%"
"04/03/2025","97.40","97.40","97.40","97.40","0.22%"
"03/28/2025","97.19","97.19","97.19","97.19","-0.05%"
"03/21/2025","97.24","97.24","97.24","97.24","0.04%"
"03/20/2025","97.20","97.20","97.20","97.20","0.34%"
"03/19/2025","96.87","97.20","96.87","96.87","-0.04%"
"03/18/2025","96.91","97.20","96.91","96.91","-0.01%"
"03/17/2025","96.92","97.20","96.92","96.92","-0.05%"
"03/14/2025","96.97","97.20","96.97","96.97","0.11%"
"03/13/2025","96.86","97.20","96.86","96.86","-0.07%"
"03/12/2025","96.93","97.20","96.93","96.93","-0.22%"
"03/11/2025","97.14","97.20","97.14","97.14","0.02%"
"03/10/2025","97.12","97.20","97.12","97.12","-0.05%"
"03/07/2025","97.17","97.20","97.17","97.17","-0.03%"
"03/06/2025","97.20","97.20","97.20","97.20","-0.31%"
"03/04/2025","97.50","97.50","97.50","97.50","0.81%"
"02/28/2025","96.72","96.72","96.72","96.72","-0.17%"
"02/26/2025","96.88","96.88","96.88","96.88","0.04%"
"02/25/2025","96.84","96.84","96.84","96.84","0.21%"
"02/24/2025","96.64","96.64","96.64","96.64","0.00%"
"02/21/2025","96.64","96.40","96.64","96.40","0.10%"
"02/18/2025","96.54","96.54","96.54","96.54","-0.10%"
"02/17/2025","96.64","96.64","96.64","96.64","0.36%"
"02/13/2025","96.29","96.29","96.29","96.29","-0.45%"
"02/11/2025","96.73","96.73","96.73","96.73","0.35%"
"02/04/2025","96.39","96.39","96.39","96.39","-0.05%"
"01/31/2025","96.44","96.44","96.44","96.44","0.19%"
"01/30/2025","96.26","96.26","96.26","96.26","-0.12%"
"01/29/2025","96.38","96.20","96.38","96.38","0.07%"
"01/28/2025","96.31","96.20","96.31","96.31","-0.06%"
"01/27/2025","96.37","96.20","96.37","96.37","-0.01%"
"01/25/2025","96.38","96.20","96.38","96.38","0.00%"
"01/24/2025","96.38","96.20","96.38","96.38","0.18%"
"01/23/2025","96.21","96.20","96.21","96.21","0.02%"
"01/22/2025","96.19","96.20","96.19","96.19","-0.01%"
"01/21/2025","96.20","96.20","96.20","96.20","-0.09%"
"01/20/2025","96.29","96.29","96.29","96.29","0.46%"
"01/14/2025","95.85","95.85","95.85","95.85","-0.26%"
"01/08/2025","96.10","96.10","96.10","96.10","-0.41%"
"01/06/2025","96.50","96.50","96.50","96.50","0.17%"
"01/03/2025","96.34","96.34","96.34","96.34","0.08%"
"12/30/2024","96.26","96.24","96.26","96.24","-0.03%"
"12/23/2024","96.29","96.29","96.29","96.29","0.15%"
"12/20/2024","96.15","96.14","96.15","96.14","-0.21%"
"12/17/2024","96.35","96.36","96.36","96.35","-0.10%"
"12/16/2024","96.45","96.45","96.45","96.45","-0.03%"
"12/13/2024","96.48","96.48","96.49","96.48","-0.11%"
"12/11/2024","96.59","96.59","96.59","96.59","-0.09%"
"12/09/2024","96.68","96.68","96.68","96.68","0.58%"
"12/06/2024","96.12","96.59","96.59","96.12","-0.60%"
"12/05/2024","96.70","96.70","96.70","96.70","0.22%"
"12/04/2024","96.49","96.49","96.49","96.49","0.35%"
"11/28/2024","96.15","96.15","96.15","96.15","-0.30%"
"11/27/2024","96.44","96.89","96.89","96.44","-0.11%"
"11/25/2024","96.55","96.55","96.55","96.55","0.60%"
"11/22/2024","95.97","96.01","96.21","95.97","-0.28%"
"11/20/2024","96.24","96.24","96.24","96.24","0.12%"
"11/18/2024","96.12","96.12","96.12","96.12","-0.02%"
"11/13/2024","96.14","96.14","96.14","96.14","0.02%"
"11/12/2024","96.12","96.39","96.12","96.12","-0.16%"
"11/11/2024","96.27","96.39","96.27","96.27","-0.15%"
"11/08/2024","96.41","96.39","96.41","96.41","0.06%"
"11/07/2024","96.35","96.39","96.35","96.35","0.20%"
"11/06/2024","96.16","96.39","96.16","96.16","-0.09%"
"11/05/2024","96.25","96.39","96.39","96.25","-0.08%"
"11/04/2024","96.33","96.46","96.33","96.33","0.12%"
"11/01/2024","96.21","96.46","96.21","96.21","-0.06%"
"10/31/2024","96.27","96.46","96.27","96.27","-0.08%"
"10/30/2024","96.35","96.46","96.35","96.35","0.02%"
"10/29/2024","96.33","96.46","96.33","96.33","-0.13%"
"10/28/2024","96.46","96.46","96.46","96.46","-0.23%"
"10/23/2024","96.68","96.68","96.68","96.68","-0.13%"
"10/22/2024","96.81","96.77","96.81","96.77","-0.23%"
"10/18/2024","97.03","97.03","97.03","97.03","-0.05%"
"10/11/2024","97.08","97.08","97.08","97.08","-0.59%"
"10/07/2024","97.66","97.66","97.66","97.66","0.51%"
"10/04/2024","97.16","97.94","97.16","97.16","-0.53%"
"10/03/2024","97.68","97.94","97.68","97.68","-0.11%"
"10/02/2024","97.79","97.94","97.79","97.79","-0.12%"
"10/01/2024","97.91","97.94","97.91","97.91","-0.03%"
"09/25/2024","97.94","97.94","97.94","97.94","-0.16%"
"09/24/2024","98.10","98.10","98.10","98.10","0.27%"
"09/18/2024","97.84","97.84","97.84","97.84","-0.01%"
"09/16/2024","97.85","98.03","98.03","97.85","0.30%"
"09/09/2024","97.56","99.01","99.01","97.56","0.16%"
"09/06/2024","97.40","97.40","97.40","97.40","0.37%"
"09/02/2024","97.04","97.05","97.05","97.04","-0.13%"
"08/28/2024","97.17","97.17","97.17","97.17","0.76%"
"08/16/2024","96.44","96.10","96.50","96.10","0.52%"
"08/01/2024","95.94","95.94","95.94","95.94","0.43%"
"07/22/2024","95.53","95.53","95.53","95.53","0.23%"
"07/19/2024","95.31","95.31","95.31","95.31","-0.35%"
"07/18/2024","95.64","95.60","95.64","95.60","0.20%"
"07/17/2024","95.45","95.56","95.56","95.45","0.44%"
"07/09/2024","95.03","95.03","95.03","95.03","0.50%"
"06/26/2024","94.56","94.56","94.56","94.56","0.25%"
"06/10/2024","94.32","94.32","94.32","94.32","-0.46%"
"06/07/2024","94.76","94.74","94.76","94.74","-0.04%"
"06/06/2024","94.80","94.72","94.80","94.80","0.04%"
"06/04/2024","94.76","94.78","94.78","94.76","0.18%"
"06/03/2024","94.59","94.43","94.59","94.43","0.34%"
"05/31/2024","94.27","94.27","94.27","94.27","-0.28%"
"05/13/2024","94.53","94.53","94.53","94.53","-0.02%"
"05/08/2024","94.55","94.55","94.55","94.55","-0.18%"
"05/07/2024","94.72","94.72","94.72","94.72","1.14%"
"04/30/2024","93.65","93.65","93.65","93.65","0.05%"
"04/29/2024","93.60","93.60","93.60","93.60","0.27%"
"04/22/2024","93.35","93.35","93.35","93.35","-0.27%"
"04/17/2024","93.60","93.60","93.60","93.60","-0.11%"
"04/16/2024","93.70","94.47","94.47","93.70","0.05%"
"04/11/2024","93.65","93.65","93.65","93.65","-0.95%"
"04/05/2024","94.55","94.55","94.55","94.55","-0.16%"
"04/04/2024","94.70","94.70","94.70","94.70","0.48%"
"04/03/2024","94.25","94.25","94.25","94.25","-0.79%"
"04/02/2024","95.00","95.00","95.00","95.00","0.26%"
"03/28/2024","94.75","94.75","94.75","94.75","0.07%"
"03/22/2024","94.68","94.68","94.68","94.68","0.15%"
"03/19/2024","94.54","94.54","94.54","94.54","-0.02%"
"03/07/2024","94.56","94.56","94.56","94.56","0.16%"
"03/04/2024","94.41","94.41","94.41","94.41","-0.38%"
"02/15/2024","94.77","94.76","94.77","94.76","-0.24%"
"02/07/2024","95.00","94.96","95.00","94.96","-0.37%"
"01/26/2024","95.35","95.35","95.35","95.35","-0.05%"
"01/18/2024","95.40","95.40","95.40","95.40","-0.41%"
"01/10/2024","95.79","95.79","95.79","95.79","0.10%"
"01/05/2024","95.69","95.69","95.69","95.69","-1.14%"
"01/02/2024","96.79","96.79","96.79","96.79","0.82%"
"12/29/2023","96.00","96.00","96.00","96.00","-0.10%"
"12/28/2023","96.10","96.10","96.10","96.10","0.63%"
"12/21/2023","95.50","95.50","95.50","95.50","-0.10%"
"12/18/2023","95.60","95.64","95.64","95.60","-0.21%"
"12/15/2023","95.80","94.86","95.80","94.86","0.02%"
"12/08/2023","95.78","95.78","95.78","95.78","1.35%"
"12/04/2023","94.50","94.50","94.50","94.50","0.00%"
"12/01/2023","94.50","94.50","94.50","94.50","0.64%"
"11/28/2023","93.90","92.87","93.90","92.87","0.77%"
"11/03/2023","93.18","93.18","93.18","93.18","1.39%"
"10/24/2023","91.90","91.90","91.90","91.90","0.11%"
"10/18/2023","91.80","91.80","91.80","91.80","-0.92%"
"10/13/2023","92.65","92.65","92.65","92.65","0.43%"
"10/09/2023","92.25","92.25","92.25","92.25","0.38%"
"09/28/2023","91.90","91.90","91.90","91.90","-0.76%"
"09/25/2023","92.60","92.60","92.60","92.60","-0.42%"
"09/15/2023","92.99","92.99","92.99","92.99","-1.65%"
"09/13/2023","94.55","94.55","94.55","94.55","1.34%"
"08/28/2023","93.30","93.30","93.30","93.30","-0.05%"
"08/24/2023","93.35","93.35","93.35","93.35","0.16%"
"08/16/2023","93.20","93.20","93.20","93.20","-0.52%"
"08/11/2023","93.69","93.69","93.69","93.69","-1.21%"
"08/07/2023","94.84","94.84","94.84","94.84","1.27%"
"08/03/2023","93.65","93.65","93.65","93.65","-0.21%"
"08/02/2023","93.85","93.85","93.85","93.85","-0.36%"
"07/31/2023","94.19","94.19","94.19","94.19","0.10%"
"07/25/2023","94.10","94.10","94.10","94.10","-0.69%"
"07/13/2023","94.75","94.75","94.75","94.75","1.07%"
"06/30/2023","93.75","93.75","93.75","93.75","-1.62%"
"06/07/2023","95.29","95.29","95.29","95.29","0.00%"
"05/30/2023","95.29","95.29","95.29","95.29","-0.22%"
"05/25/2023","95.50","95.50","95.50","95.50","0.16%"
"05/23/2023","95.35","95.35","95.35","95.35","-0.99%"
"05/16/2023","96.30","96.35","96.35","96.30","0.10%"
"05/08/2023","96.20","96.20","96.20","96.20","-0.89%"
"05/03/2023","97.06","97.06","97.06","97.06","1.15%"
"04/21/2023","95.96","95.96","95.96","95.96","-0.29%"
"04/20/2023","96.24","96.24","96.24","96.24","-0.27%"
"04/17/2023","96.50","96.50","96.50","96.50","0.09%"
"04/05/2023","96.41","96.41","96.41","96.41","0.46%"